{
  "version": "48.0.0",
  "files": {
    "9b5784cb83f7c28519dd4b0e785dfa7b071a44bafc42c2ed6315e62ddada91fc": {
      "displayName": "GetMovieByIdFn/Code",
      "source": {
        "path": "/Users/admin/Downloads/rest-api-app",
        "packaging": "zip"
      },
      "destinations": {
        "current_account-eu-west-1-4854ab49": {
          "bucketName": "cdk-hnb659fds-assets-${AWS::AccountId}-eu-west-1",
          "objectKey": "9b5784cb83f7c28519dd4b0e785dfa7b071a44bafc42c2ed6315e62ddada91fc.zip",
          "region": "eu-west-1",
          "assumeRoleArn": "arn:${AWS::Partition}:iam::${AWS::AccountId}:role/cdk-hnb659fds-file-publishing-role-${AWS::AccountId}-eu-west-1"
        }
      }
    },
    "aa0ba6a7046b91e2d203143927a307858eaa2d745ef6572ca5f5db9f0f8aa74a": {
      "displayName": "GetAllMoviesFn/Code",
      "source": {
        "path": "/Users/admin/Downloads/rest-api-app",
        "packaging": "zip"
      },
      "destinations": {
        "current_account-eu-west-1-eb071962": {
          "bucketName": "cdk-hnb659fds-assets-${AWS::AccountId}-eu-west-1",
          "objectKey": "aa0ba6a7046b91e2d203143927a307858eaa2d745ef6572ca5f5db9f0f8aa74a.zip",
          "region": "eu-west-1",
          "assumeRoleArn": "arn:${AWS::Partition}:iam::${AWS::AccountId}:role/cdk-hnb659fds-file-publishing-role-${AWS::AccountId}-eu-west-1"
        }
      }
    },
    "34a66902956b031404ef497526f619b900363fe7fd65ff02b1de4c30fe10c034": {
      "displayName": "AWS679f53fac002430cb0da5b7982bd2287/Code",
      "source": {
        "path": "asset.34a66902956b031404ef497526f619b900363fe7fd65ff02b1de4c30fe10c034",
        "packaging": "zip"
      },
      "destinations": {
        "current_account-eu-west-1-e2560796": {
          "bucketName": "cdk-hnb659fds-assets-${AWS::AccountId}-eu-west-1",
          "objectKey": "34a66902956b031404ef497526f619b900363fe7fd65ff02b1de4c30fe10c034.zip",
          "region": "eu-west-1",
          "assumeRoleArn": "arn:${AWS::Partition}:iam::${AWS::AccountId}:role/cdk-hnb659fds-file-publishing-role-${AWS::AccountId}-eu-west-1"
        }
      }
    },
    "7d14d86c6d4c82d90257da1f7afdc86e51897f3a05c5e37113191f10082ea855": {
      "displayName": "RestAPIStack Template",
      "source": {
        "path": "RestAPIStack.template.json",
        "packaging": "file"
      },
      "destinations": {
        "current_account-eu-west-1-a6e34d89": {
          "bucketName": "cdk-hnb659fds-assets-${AWS::AccountId}-eu-west-1",
          "objectKey": "7d14d86c6d4c82d90257da1f7afdc86e51897f3a05c5e37113191f10082ea855.json",
          "region": "eu-west-1",
          "assumeRoleArn": "arn:${AWS::Partition}:iam::${AWS::AccountId}:role/cdk-hnb659fds-file-publishing-role-${AWS::AccountId}-eu-west-1"
        }
      }
    }
  },
  "dockerImages": {}
}